Delta,Theta,Alpha,Beta,Gamma,Extra
7522.471519,6252.114461,5083.660265,2471.965442,1362.853667,142.283479
7857.088254,8049.820775,4326.752476,2994.714546,1724.478646,184.6601251
7124.206157,7822.03986,4419.389733,2679.319389,1163.3551,131.7323567
7248.197402,8227.274024,5337.567363,3001.29193,1434.518715,154.8329618
2422.355785,5442.17288,3209.477864,1574.115109,1294.353232,133.561639
9144.27653,11770.0655,4794.294539,3775.52254,1320.802266,199.0255326
5457.385995,5884.325068,3586.176105,2341.815995,1385.945121,144.5820474
4638.257954,3003.851304,1032.996832,1868.195248,1103.32961,123.129508
945.559678,2505.89259,1962.715278,1534.549052,1135.569704,130.9967513
2501.474636,3501.790672,2333.057952,1777.873203,1457.523286,88.83041589
1915.279924,7083.78499,3621.706033,1577.09241,1270.113212,178.1775054
12421.37197,10221.04759,4385.765397,1607.449524,1339.74263,272.3753343
7262.315147,4451.159564,3632.031525,2843.733525,2126.815899,210.2609152
3011.931916,2802.220677,2217.511451,2729.481641,1399.226766,168.5180842
2880.229036,7373.72492,5623.023449,1716.157966,1330.442954,134.7976411
4254.018255,2898.396273,2168.813732,1975.691371,1126.176731,71.82074737
1857.05944,2026.310565,1549.450317,1454.731674,1486.145554,156.4756992
5217.102078,5897.886735,3703.044376,2320.874139,1225.658825,124.6013951
1516.324962,3171.920842,2391.779565,1814.504292,1058.577636,169.1114214
3175.099786,2648.142255,2710.85395,2997.567018,1227.430573,172.6526524
1947.672581,2138.516299,2803.595358,2447.723979,1020.97745,135.6922045
3107.796774,7906.289619,4463.046279,1755.061142,1721.319504,131.5610531
1308.325917,3864.611528,3218.459134,2087.730918,1230.252785,163.1685219
2693.76282,2862.194673,1568.388406,2740.696745,1929.764001,111.4314634
5037.779169,7468.143637,2512.514302,2204.841597,1615.01129,104.6118899
1474.797103,1905.536351,1441.458555,1970.054287,1564.164996,111.8024954
5283.767443,9810.063922,4088.267886,2375.968008,1313.514955,213.3171212
1445.176972,2009.472095,2578.236386,2106.936958,867.9183417,134.1463796
1559.677068,2427.764566,2052.869295,1986.695558,1290.200763,169.7861285
2471.005586,3036.251283,1674.084491,2841.466537,1292.541165,162.5183538
5582.20901,5302.261125,4735.57493,2143.868321,1816.67259,74.50105499
2453.894538,2661.941552,1773.637911,2241.242005,1200.736808,132.623662
5445.432293,2580.837309,1813.385394,3255.092564,1694.63812,136.3774286
2301.302673,2670.037699,2307.201441,2019.87586,1410.929129,97.55964052
2487.603915,2054.846476,2292.707741,2977.623487,1185.520388,175.5689703
1706.913419,2223.539571,1620.561159,2735.245375,1208.112027,171.7152423
4535.285988,3547.465579,1500.954566,2181.511123,1244.323407,85.58351226
2815.72778,4894.539392,2269.420436,2415.554339,1225.156825,72.3254395
3460.745707,7662.005905,3809.30868,2359.06695,1037.848208,99.61648135
3442.840608,2116.796657,2493.003781,2921.410185,1614.021913,149.8453324
2591.231527,2585.152859,1428.549478,2112.724649,1263.798007,176.1381553
3362.761222,4891.126499,3438.016607,1965.121925,1467.322228,202.177338
2119.547162,3049.97769,2187.228272,3449.221901,1642.013201,106.66742
3324.083516,3448.089848,1945.652441,2903.857439,1605.834649,211.9663445
1288.382462,2015.632852,1525.094879,2555.274791,1244.966794,149.7319269
7041.58762,8759.605478,5918.911617,2699.723634,1618.651228,291.6057568
2580.499086,4321.781093,2393.118341,3156.704454,1161.289246,129.2775506
3870.329935,3117.218324,3768.598682,3128.352189,1626.639962,136.2708992
4860.574139,8676.16576,4465.471174,2874.578742,1222.478885,81.71058596
2578.487945,1456.808026,2361.795636,2043.341438,1386.491882,183.5367035
2569.065662,3509.351844,2075.547004,2786.836703,1616.692396,105.7840464
3204.693824,4319.17248,4095.037623,3204.607863,1545.886817,115.9522029
2810.317244,3088.558664,1249.456363,1987.174917,1060.895313,105.3181687
2556.924444,4972.515011,3311.454755,2519.156622,1578.903972,124.9564117
2333.075362,3539.887038,2853.600334,1913.041415,1280.804848,160.4727718
4059.172413,5421.587482,5560.183566,2438.349668,1171.349803,144.4977205
2539.219234,4659.266572,1862.796937,1809.764005,1761.070226,111.6687743
2377.847266,5113.256487,2793.781333,2424.61751,1571.486681,112.4404702
5108.491515,7738.357687,4493.102204,1928.550565,1341.74138,136.4215969
3582.544023,6841.303358,3457.242086,2991.481137,1966.619218,137.8567065
13171.51078,17070.15943,7680.676985,3733.781849,1431.31291,164.3464581
14986.7142,8932.287544,5060.899755,2763.733211,1836.805255,218.3891738
12619.9065,17021.92984,8044.043415,3471.593664,1879.56184,255.346195
6632.66373,9912.561057,7631.99331,2989.024094,2092.835424,100.8810145
3118.702271,6845.835209,5439.623258,3255.298194,1660.634666,122.1210828
7789.986214,12284.0095,7980.314896,2667.917486,2265.67084,136.1832424
8404.368408,16625.89419,11844.40233,3730.413753,2217.221733,266.1801266
7514.495146,6946.998092,3915.767758,3050.340728,2474.862285,226.0436455
6052.709396,8229.39422,5117.637685,3361.820908,1808.062815,132.3429069
1417.135711,2390.439361,1516.282764,1994.423578,1077.386376,128.6557753
2468.781298,3390.095618,1435.826295,1911.545901,1370.945706,84.20523197
2765.117871,3322.589985,1633.017492,1767.280443,1352.32051,114.4667969
1503.437046,2053.855267,2697.242723,2307.881629,1450.557504,162.5151894
3992.919946,2772.069848,2586.805892,2043.959276,969.0757287,149.3477634
1119.179092,2687.382577,1987.944095,2546.143931,1135.283834,154.2358618
5112.71145,6286.185595,4903.962638,3000.043108,1147.563907,156.9913589
1710.521007,3808.564112,2276.987504,2734.606341,1246.233679,113.3746837
6361.643207,7048.002106,2812.755583,2103.655268,1245.83978,181.3547978
2106.636661,1944.918884,1918.871744,2153.446562,1158.77638,108.1200745
4645.819386,3384.668435,2287.094662,2578.258823,1627.095432,194.8779825
3075.085043,2698.573287,2288.575559,2767.588418,1451.756806,115.5209671
2176.151698,2441.349081,1931.025671,2944.558683,1038.621695,135.2812981
5613.582844,7383.703966,3278.916807,2969.516571,1270.006981,149.189203
1824.094118,1718.691168,2167.905494,1583.109282,1301.364596,67.74980006
4175.841034,7193.156585,4552.828415,2449.588094,1282.737979,143.4494894
4459.417302,6556.142525,2880.79128,2826.189402,1429.82259,168.0458876
2430.933997,4396.875041,2106.54319,3007.108717,1537.454133,87.00229545
4977.744495,4215.289944,2762.741315,2687.586252,1260.540687,155.5557183
720.1059364,4592.547547,2103.780255,2029.144947,1087.777131,180.1921108
4650.996438,3683.028417,2331.593091,2697.785479,1650.028467,219.9056362
660.1951709,2675.804917,2450.802552,3133.763715,1997.447008,150.039684
3729.992502,2770.173995,1562.245534,2357.068914,999.4052617,108.0990372
3379.495825,3378.09888,2964.399099,2785.10302,1431.670341,183.731
2488.709452,3727.403858,2428.26534,2944.609252,1721.188798,79.58187166
795.3661656,3461.677823,2299.802285,3000.232618,1355.163596,92.99932356
3679.297262,4421.743011,3536.696006,2998.477852,1266.36304,95.25920823
4247.055991,9871.992752,4965.926112,2741.376779,1257.558895,136.7549216
1172.542711,2420.974027,1179.711044,1976.222904,1029.421191,92.75393515
772.5600193,2307.142776,1244.556477,2270.652462,1315.672735,127.1338028
5153.909159,6300.192513,3345.200309,2282.574404,986.6135734,101.7518338
3463.217769,3605.429296,1528.482303,1754.402431,1206.455881,98.31335615
6271.906877,7290.624074,1993.33553,2483.736333,1632.971492,126.4299457
3351.955359,3047.350757,1688.25289,2482.698938,1600.758753,196.5608827
1767.525148,2824.933913,846.5118295,2430.497107,1375.226132,156.2026597
4513.759145,2551.977613,1401.619617,2904.673692,1430.45832,126.3171267
3954.220228,4323.663125,3070.917539,2604.542138,1485.781151,213.0699882
1668.905645,4668.512281,2570.659827,3679.126443,1861.681456,213.9357031
4549.616947,5582.624626,3220.197483,2669.66266,1522.672916,145.5187207
4258.344927,11212.94378,4099.893543,2831.482575,1328.94899,173.8352906
2697.550583,2282.045957,1779.238993,3272.414345,1766.014286,222.3948564
1941.112126,1731.82172,3594.643368,3462.17516,1619.621087,141.377118
2878.231362,2663.362947,784.2790147,3607.044438,1779.598628,215.1474526
3066.110986,6576.922381,4125.025108,3045.498071,1534.417027,186.3347801
2108.481473,3610.006817,1391.221201,2675.639954,2231.026819,191.1115386
3915.156086,3693.961941,2108.896831,2553.838802,1391.188397,180.3556927
5830.907059,12113.26977,3649.6116,4795.814136,1635.391003,251.3806744
3862.737157,4375.148996,2399.609945,2685.386514,1396.986829,148.3091313
3004.600258,2298.911808,2302.667287,3101.481268,1968.357694,149.9744874
8926.053053,9596.52208,3328.24049,1965.488119,1529.53191,84.17621947
5032.12351,2969.714005,3159.61671,2708.255056,1100.709679,85.75507658
5556.163973,5188.587367,3271.854592,3088.058695,1622.174885,231.7944841
4969.162381,2966.832018,2424.661746,2536.430566,1862.111506,103.8594055
3685.66157,7932.485215,3463.36404,3098.910199,1442.147725,182.6903778
13970.80499,18825.32954,7162.513581,3330.560384,1099.905881,141.9796358
17169.47334,12859.85437,6140.930548,3047.71431,1210.3129,311.7375391
12340.72268,14173.9066,5750.484489,2957.276391,1243.160203,156.8500449
17158.79067,10664.80131,7473.307656,2716.572431,1087.124071,154.8631088
15069.58662,20809.84775,4813.258805,3648.648354,2751.209793,316.9323494
5857.081048,8461.136401,3839.723095,3351.743272,2262.148974,133.8447122
4244.697807,6293.568265,3671.904626,2750.819336,2025.994402,173.3538996
3955.30447,3472.841531,1581.388414,1738.458244,1446.46513,125.9295381
955.4272606,2166.650808,998.8202972,1072.160091,1315.275614,59.98939472
3215.431028,7016.802057,3800.477205,2863.486296,1181.026255,145.8166272
2170.435884,2995.829878,1392.688176,2703.488853,1783.714497,109.8939929
4030.075451,3653.640048,1053.651994,3464.713087,1769.84151,136.6384652
3074.866064,5663.441155,4292.592946,2891.21673,1280.125616,146.5625843
1945.307824,3028.370693,2113.157843,2604.243257,1122.163413,185.374289
1770.367533,4256.085382,2649.716069,2171.301573,1275.374745,81.95383254
2109.830725,2510.454547,1585.524766,1800.675382,1291.17249,135.0835008
1513.958471,3307.125793,1750.536407,3298.948893,1611.384794,97.54294925
1391.80097,3509.309871,1864.073409,2736.552604,1562.538562,127.9061642
1835.284293,5673.180611,4235.359971,2905.132505,1355.770738,167.2261773
5078.20041,7464.399095,4027.189582,2738.227749,1429.810217,117.0514598
2641.704386,4048.601566,2882.540964,2757.040359,1077.123888,129.5929913
1981.699724,3312.102357,1743.596448,2033.921128,1019.078189,176.5130733
7119.13857,8600.167513,3310.229821,2195.20721,1107.032391,236.0338792
2592.931335,5995.305886,3264.022049,3237.761764,1438.574574,259.884241
6641.426734,4608.891403,2132.058023,2815.286233,1144.754432,180.1758132
2751.096681,7121.022291,1503.283038,2433.056146,1348.974275,125.4713434
3137.90058,2869.368271,2387.979188,2250.89401,1297.599558,154.1763495
3175.825361,4708.809715,2258.233446,2411.571467,1429.95946,138.3983478
2242.343484,3326.503368,2040.376337,2438.462002,1116.52948,138.0290721
2914.696675,5642.561569,2433.870249,1797.09323,1041.454332,95.74752773
3843.198369,6138.756373,4857.486141,1957.304315,1289.855758,212.5230949
795.4727093,2124.913977,2109.560691,3511.477869,1486.935266,99.07880692
5736.964997,5377.094734,3631.037042,2802.980337,1657.206621,98.78678253
4488.812438,5531.116946,2633.899237,2100.758842,1504.391893,252.0726871
3154.037179,2528.076104,2134.301626,2314.787548,1697.111315,123.1240548
9261.01684,6879.682275,3344.155977,2858.280505,2107.996968,156.1665147
3996.459452,4019.552566,1933.759639,2796.280715,1191.093137,165.0245801
5218.754469,4654.402115,737.0228439,1603.938955,1254.252931,149.2986008
2501.199277,3540.096803,2756.084617,1927.63743,915.7319963,102.226214
7795.696454,6380.408984,2934.7603,2426.20639,1113.729252,160.9081617
3736.516421,8583.001501,4007.77896,2632.995034,1080.597486,156.551526
1485.400923,3116.996206,1686.258771,2882.111962,1533.054776,161.9051246
2053.280002,4505.812779,2636.787094,2694.237811,1199.223135,134.3807014
3391.870764,5863.322132,3313.7869,1526.204524,1511.044983,62.91513237
3533.924686,6286.197302,3042.2792,2935.456933,1736.650896,204.9736983
4280.881437,7185.927757,3666.916692,3429.375595,2050.148953,243.3430348
3763.543581,2978.425833,2916.231169,3221.717524,1413.094954,179.3877795
6170.427027,4581.821777,4057.220789,2688.762049,1631.124709,212.0133438
2734.387915,2814.402087,2362.596497,2063.135125,1350.033307,137.1122298
1514.305029,5549.07526,1505.424314,2177.429896,1972.412449,118.8945255
2652.828847,2359.943014,2028.29585,1411.09425,1221.693716,91.261115
4784.864241,6276.945713,3853.527328,2037.884823,1237.796882,108.3591357
3071.715763,4131.843884,1943.298929,3562.507278,1659.178,153.0422453
5348.461612,6584.671734,4584.58733,2397.30785,1214.143607,118.4228284
5497.209004,5885.970351,2904.19179,2129.219952,1308.323994,111.8017116
3798.739089,4300.502554,2834.955087,2735.553481,1229.012335,137.7210606
2325.112355,2078.001811,1990.72416,2973.01596,1435.207408,121.1355019
4955.645086,6141.881728,4418.037119,3158.012226,1824.593889,391.2673551
8405.238633,9334.487815,3811.057712,2430.16477,1866.798501,83.99088497
2573.454434,3866.346253,937.9601871,1824.995155,1291.369782,96.88966082
2700.24075,2828.649679,2606.944989,2238.787093,1433.883928,99.93546401
13868.78534,9912.346254,4556.316794,1866.551297,1465.780533,156.7321964
2483.806766,3686.336537,2278.086291,2041.869153,1469.44212,86.11593219
1662.987659,6697.276123,3266.985858,2427.455014,1493.836523,156.7747902
5010.49643,4280.551069,1583.677092,2528.847655,1630.747321,205.0189025
14088.69597,15222.78408,5968.369705,3154.263942,1190.693165,317.2731173
16539.69732,5860.037822,8498.366405,4072.591453,1711.567565,134.7785837
3378.277612,2365.881565,911.920724,1984.542642,1493.661118,117.6765267
2209.134497,3989.801762,1778.884406,2158.718575,2169.938715,231.2798809
4473.998224,5965.813428,3880.556285,2439.051637,1617.556601,154.0356413
3222.857312,3795.009008,1892.897161,2607.069866,1463.117847,141.1148303
2956.301982,3585.977308,2083.771645,2512.606106,1403.573427,235.4740308
8774.266451,9257.566052,6605.734557,3285.973869,1664.967589,190.9472709
5035.070872,4680.066312,3426.572806,2699.345615,1761.174391,119.5125895
9116.215532,15956.82063,6093.615565,3557.79579,1737.018738,225.3441182
10213.53174,5088.745156,3271.509493,2245.296912,1116.582818,137.8570191
3701.599907,6705.105345,3591.270688,2473.044549,1317.870907,121.4681328
8246.490577,9101.133971,7653.988517,2537.044347,1196.400468,201.3429588
4043.580313,1156.003609,2460.001755,1895.191346,1372.235357,77.04658246
1034.889681,2826.015765,1415.994393,2523.479016,1291.463213,98.58533154
5512.55379,11888.86749,6703.488315,2695.365448,1463.665779,228.4225006
2143.751047,3295.161132,3492.76259,2636.979007,1192.16523,197.7501156
8354.667939,5304.842477,3307.190233,2993.875395,1296.192383,207.0770745
3999.993091,2636.454386,2001.635362,2881.665585,1427.592992,146.0229728
4724.214642,5767.781728,4446.530375,2184.167601,938.0783036,170.9748591
2219.661826,1565.113839,1528.340796,3107.742981,1811.108439,141.7213744
542.4176768,2465.543137,2206.103835,2874.97418,1191.899087,238.6813729
4797.448117,5987.25548,3091.637875,2900.292358,1416.48612,260.8897858
4521.53069,3733.901017,2795.776473,2604.986203,1462.474743,174.9626142
963.2959448,3350.275093,2757.754798,2302.279813,1666.034626,104.8480451
1770.860153,3703.051307,2102.637531,2077.331484,1606.957816,228.9722277
4660.874356,4597.060059,2718.568488,2373.834311,1236.466102,128.5306952
3665.414301,2757.181158,3378.704471,2059.490819,1551.658257,146.1273953
2307.788463,3057.402872,2450.350113,1892.139199,1494.990486,139.788665
5578.124142,5294.713127,3752.735806,2345.992115,1237.184103,103.1166989
3765.483604,7654.755187,5136.754434,2480.739579,2056.069774,78.03557488
1789.291831,2850.506831,2435.788473,1440.087591,1165.357521,151.5061034
1124.048861,2806.917395,1161.962263,1713.565481,1252.907729,101.7010951
3041.688039,2723.691512,2357.397709,3291.612754,1475.261148,160.758608
2859.387213,4041.551838,1397.210376,2030.711048,1077.761154,193.9386183
3876.439909,7880.84184,3880.079859,3845.18668,1477.115004,149.8143045
2601.57667,5192.413654,3642.455762,2661.279456,1563.245988,179.8055486
2884.234979,2511.480984,2228.793184,4009.786302,1952.125331,164.6262142
3032.595311,2811.73499,1728.906669,2420.153565,2038.305514,80.43045644
4342.545194,5047.418265,3346.928917,3382.878887,1327.610385,87.62595713
9356.72429,7035.431815,4577.598772,2826.475861,1371.105385,256.3636468
5761.85296,4082.322362,1144.906516,2011.782183,1093.024665,102.8353904
7051.380375,9062.728727,3875.301346,2137.184039,1755.594882,105.456906
2513.845317,2987.843769,2407.267923,2063.291505,1150.940317,144.9594977
2571.016718,2525.873171,1787.913246,2059.338287,1145.625787,147.2824814
4208.25856,3420.461999,2571.450496,2650.047045,1672.528493,122.115084
2455.413238,3458.489084,3368.697595,3382.762295,1644.454838,165.5100597
4269.594082,3263.387376,1646.022891,2717.590549,1016.517307,143.1855378
2058.929949,2944.414585,1592.657827,2290.198241,1337.937008,110.2251318
1194.74269,3072.352299,1260.47292,2537.082315,1454.294626,149.110742
7057.967182,4775.553128,2213.650955,1724.737692,1095.632307,143.9096512
4910.49683,8719.309674,3625.309897,2314.132518,1481.31701,94.02248297
1132.072618,3364.465402,1967.416382,2518.162012,1322.401069,119.0158743
2648.914283,5517.855801,4169.156527,2851.126493,975.5377782,135.8290071
3835.601328,8328.342954,3952.873249,2390.472468,1151.521527,92.89094098
22043.81631,8047.076413,6692.762463,2408.048937,1411.452063,108.2246306
1835.568993,2926.245236,1551.586488,1523.139059,909.5457044,86.53815033
3718.411613,4125.992459,2270.705899,1607.699924,1132.469291,129.3509171
6050.540136,8010.387347,4086.206937,2497.780449,1650.58669,173.2194451
16717.569,16136.93669,6168.44763,3566.336589,1912.876546,104.703732
5392.235208,10410.9914,2754.537751,3021.187084,2075.91374,146.7546796
4403.049872,7481.524098,6964.199004,2865.961402,1202.099334,104.0448564
14039.56721,14703.9298,7083.774934,2591.915284,1330.371595,180.4405727
2539.054119,7712.977818,4427.543752,2484.923051,1535.148982,166.2916138
3076.59721,5888.842447,5027.989091,2373.152115,1291.616114,92.77004834
1320.080602,1519.88813,2097.306579,2322.441638,1688.904037,82.09917172
2008.921137,2094.235506,2711.607623,2044.703321,1045.492722,91.00172554
2755.103997,8187.717569,3723.539973,2462.320442,1411.245819,110.7632027
4464.800841,3423.078155,1575.186051,1447.598044,1385.12761,172.8190566
2456.380608,2877.572761,1695.219061,1207.813576,1253.752551,98.02541982
1238.357785,3725.92768,2305.797426,1690.351433,1322.5874,90.16359042
1967.113432,3793.488544,1919.997188,1624.170288,1333.66417,114.7914617
1704.851228,1181.485656,1651.065622,1964.158446,1293.118575,178.6164706
4746.295977,7338.487689,3386.437582,2064.130257,1057.618762,110.6317618
3013.912338,8348.45988,3312.28692,3183.244871,1480.638207,106.4993438
538.1185028,2108.238225,1941.635321,2717.310159,1179.560843,159.2707555
1331.181514,4518.167391,1976.838578,2576.130805,1482.346736,76.55495261
4976.933655,2969.766755,3629.497693,2381.34153,1616.472081,119.0163326
2470.66998,3265.916573,1825.704441,3191.871529,1778.961703,86.69518496
1993.288073,2694.604447,1836.894572,2480.941521,1106.712805,122.307318
5061.931965,7647.915129,2597.827216,3382.172418,1666.377076,137.3462096
5830.084467,7447.727186,2623.710853,2293.108761,1335.133637,105.9710929
2398.032016,3220.020046,2030.921814,2873.573499,2297.198749,153.6570066
5215.57717,5255.411963,2680.106806,2785.937301,1340.190846,131.1958093
5988.983464,3850.604579,2814.159587,2168.939715,1458.057701,177.0400162
1389.528528,1970.61868,2048.05845,2062.3518,1395.209153,153.116508
2984.839415,3084.08778,2739.709704,3561.053286,1464.709039,131.6224391
5812.553126,4110.09249,2906.627889,2260.349187,1511.979844,133.0465732
4149.592618,3081.120169,758.2096506,2371.843133,1437.567646,218.4656192
4152.676151,6175.502133,2959.251028,2442.798084,1176.16422,178.8129671
2317.06949,3580.675266,3570.457492,1992.097348,1116.696034,95.23760555
3895.033271,4914.013288,3405.351338,2232.950738,1962.414724,228.4164488
10550.27197,4022.294039,2696.437868,2802.803375,1515.06394,127.6220111
4742.083165,7112.307613,4120.156257,3264.169936,1405.660615,144.7024354
1544.293815,2563.504796,1950.899162,3224.113607,1268.727345,134.455385
4300.563541,6162.458912,3374.857451,2163.264325,1217.379095,81.0809584
1068.20495,3201.098297,1669.127451,2015.563647,1367.217369,121.6185284
1682.519219,2512.365257,1376.118029,1609.584539,1214.917773,82.94897047
1345.437513,3255.142775,1867.265215,1829.602448,1533.125532,190.1316578
3001.116077,3423.329524,1209.233003,2095.215958,1162.129131,110.2206872
2259.877895,5002.393128,4219.679782,3074.991664,1124.752135,189.860562
4044.361844,2316.814703,2259.129516,3321.55178,1198.934494,172.8607636
2133.423294,3430.820393,2425.232826,3103.268921,1539.927565,224.4110022
1193.215502,5871.71527,3097.255278,3296.504022,1524.925932,188.6318213
4500.187575,10554.52698,2366.965656,2637.189184,1592.09439,110.4536201
3353.901662,5966.065089,3504.777145,3282.366532,1410.738883,165.2840049
10196.21562,7887.367206,4641.361686,2987.018468,2396.759934,177.9160712
5705.046167,4975.163765,2788.819931,3662.99419,3085.15024,338.1905046
9363.703006,9007.390703,7691.68573,3401.98995,1476.905595,254.623799
6060.573789,3666.192318,4422.767066,3853.479633,2189.402632,150.3044655
910.5284251,2570.468523,1917.143281,2836.243683,1834.143861,109.7095998
3961.442017,6033.639771,4613.490079,3032.213891,1256.888809,140.9320415
2999.353155,4945.625956,3594.446689,2996.900198,1574.254041,235.4020296
1717.176083,2707.013143,1328.186804,3312.703155,1682.374323,182.1218756
2861.713918,2299.076968,2149.225295,2948.819252,1365.902765,135.1078055
6760.157163,10183.57808,6546.42177,2503.06386,1163.733794,234.7755038
7591.670313,4304.41891,3736.930596,1635.794598,1279.227729,211.8157814
7101.537721,8946.132543,6066.449007,2417.314638,1065.800867,145.1377369
7992.172028,10539.91333,6047.787451,2270.499982,1150.411454,104.1084493
9248.836405,17274.84952,4711.156477,2883.294773,1221.211236,221.4211853
13558.40434,22326.29506,11987.03613,3998.373213,1779.259276,228.5460668
3106.786268,3085.04389,2252.372448,2704.731484,1134.537892,89.34173064
6830.304829,17641.11938,5223.479697,2106.876916,816.432482,151.3882002
19498.29894,19148.68208,9187.855274,3206.433657,1374.254267,149.8071217
10546.68566,8306.066292,5773.470023,3289.32318,1805.065665,188.754728
3546.665278,6935.474177,5432.526578,1956.444177,1730.859049,129.525892
3715.527977,2333.401367,1557.015175,1789.43887,1504.894875,207.7495435
3795.195828,8090.333838,4043.961847,1884.073071,1329.95979,89.99681925
5096.746116,5822.495059,2957.90007,3934.025431,1329.49465,182.0313467
2842.650166,4248.909003,2068.411951,2591.156954,1522.784119,244.9139068
4400.596793,5889.051492,4306.636563,3078.606106,1300.732554,136.0050822
2645.71313,6021.795729,2894.400074,2766.80132,1488.397189,120.2503443
2821.201876,2000.464665,3377.576142,3591.150795,2277.753872,135.2364198
3536.034003,3068.726834,3031.282973,2200.100212,1922.556343,129.5294998
2864.448678,6990.494691,4372.739658,3011.800707,1248.046338,137.0612442
2074.493926,1916.087113,1825.43122,2537.223545,1608.555321,115.4407288
3777.458565,2124.488374,4167.173151,3236.44153,1862.781031,236.7438396
6350.182911,3735.885968,3382.904827,3610.367286,2057.360493,229.5366419
4152.105435,2678.346237,1648.170445,3126.97106,1442.546474,167.8625315
6104.626234,2560.975787,4963.172154,4145.599121,2000.277482,102.2520081
953.0524115,2585.940574,1835.98747,2800.376549,1248.948139,204.5894087
2905.781174,4977.153525,2579.642566,3656.520769,1866.705887,178.4918409
2961.032067,2447.706332,2732.070925,2783.667532,1681.357272,194.9630385
2471.493961,4121.830897,2822.812179,4440.092905,1991.900156,173.7974797
4092.287232,4394.733014,1756.968767,2536.101053,1525.489451,202.8040165
4993.336108,4864.005453,1544.190729,2934.089199,1908.929805,158.3738329
3436.994932,2749.596525,3145.776528,2195.022329,1210.320898,120.9961382
3161.706959,3227.673056,1740.46201,2692.238301,1927.545511,157.0535517
4865.665587,7532.208062,2499.427889,3224.7968,943.0335924,145.5997023
2319.611686,2807.525501,2643.432103,2582.475992,1560.496394,149.0531296
1341.355156,3991.719142,2566.212339,2842.67496,1342.026636,205.9519496
2443.744725,3188.64667,2072.056116,2667.520266,1271.328529,96.17278614
5347.427909,5618.659685,4559.34346,3635.115395,1430.77127,117.1537977
2031.377723,2307.527739,2891.722384,2680.250961,1450.438884,133.7124973
2949.208036,3240.849905,2102.371228,1929.549326,1263.527342,128.0807868
4939.421765,7295.927237,4546.340188,2530.829478,1322.058079,88.67900255
3968.926982,8361.700642,4612.287953,2971.684812,1845.991142,103.7520869
3777.267523,2348.07874,1675.177213,2328.361063,1922.184038,131.3142298
1612.82713,1996.437603,1258.844383,3033.495448,1373.300105,122.9650297
1095.930227,1983.783131,1856.320555,2640.04492,1457.639021,111.7498053
808.842204,1955.96823,2454.22654,3469.097973,1698.648414,224.7164719
1142.614926,2774.728141,2352.896456,2851.347462,1424.006246,196.8483855
3734.098108,7303.837961,2852.634363,2834.226346,2235.809311,125.3122663
2964.558523,3844.039787,2076.693146,3442.395904,1480.297928,356.2043224
7401.376379,7317.713962,4293.464613,4087.362742,1335.810014,101.9685631
5232.622151,5033.435661,3273.836388,2892.089488,1669.86324,111.4355279
2559.715555,4218.330163,3220.737906,2504.854005,1164.925482,226.1335576
4615.63605,7186.50031,2948.4929,2503.499443,1272.957389,136.9326346
2096.188018,5051.947894,3033.401685,2900.611389,1408.235397,135.8034586
2651.024556,3597.141604,2075.79104,2132.118652,1366.253091,181.5319055
3444.952293,2868.92645,3150.171725,2996.880852,1516.375266,169.7175554
4625.008827,3374.202047,1534.224095,3171.313207,1312.869901,118.7251502
1359.29464,1940.728079,1797.94626,2963.293918,1331.080699,158.4951931
4424.05303,8873.341809,3509.690158,3646.014311,1515.872837,120.5276879
1670.319734,1234.925819,1770.83311,2003.874327,1686.103488,105.5922876
3907.472369,6398.406423,2575.495599,2277.457939,1096.608224,129.2921773
2089.347391,5039.931045,3021.436233,3210.258218,1597.193578,143.4350361
7009.841563,9750.32928,2544.121856,2568.796801,1929.759653,104.6659808
3949.587819,6418.35379,3615.655586,2539.578086,1764.01958,194.6802132
6469.75521,13697.71131,7444.370236,2373.829807,1404.757424,148.0247578
3038.053635,3143.548978,2541.117164,1665.547847,1263.530989,159.4852337
9648.990536,11180.38567,3478.648696,2664.519751,1706.464086,123.796893
10219.55329,7307.363992,4581.529682,3201.315002,1511.691836,152.9048487
8926.725951,8789.043867,3393.787295,2377.352875,1151.588537,156.5637771
58815.98886,24018.65241,6701.194235,2774.806246,1863.268563,390.3213831
8084.515488,16535.35883,6767.816198,3234.641986,2929.327566,195.3944369
8100.059739,8761.322286,4171.41834,2617.088448,1964.991983,208.5525871
3875.671587,2885.684677,2010.187671,2075.274023,1478.777387,149.222872
3302.840211,6363.291283,3982.977397,2754.889896,1474.520188,128.4164958
2736.708871,1933.015595,2060.282595,2884.669516,1565.083655,248.4616507
6861.181494,13215.42808,5372.319826,3947.856173,1423.537698,163.3869352
6859.852945,2911.087542,3673.90106,3380.051058,1835.053857,82.95164596
7964.995472,2035.305273,1594.205366,2103.516677,1151.658756,107.7610028
4823.582594,4997.536798,2106.793159,2478.808559,1201.409504,128.7142421
3831.687019,6206.124527,2908.568814,2834.341438,1801.449358,257.1872551
3692.421737,2640.226576,1842.771239,2341.946306,1296.850829,182.7865928
3154.273381,4107.692735,2402.097991,2789.163534,1432.249859,171.7301487
2716.154389,5488.42052,4473.46901,2313.812991,1293.820376,113.0612379
2444.921011,5724.786999,2910.361803,3206.501598,1522.055877,78.39579199
441.3286525,2369.378716,1242.516913,1503.886974,1078.787611,95.25270365
1794.65799,3687.11268,2177.777309,2377.102286,1348.051932,91.67279091
1793.289771,2334.19133,1601.447799,2272.207341,867.9240023,115.0572551
4928.818624,3710.970121,2912.374901,3301.857301,1061.539344,267.6459824
3542.041572,4011.847108,2423.92739,1285.130396,1405.166875,136.0818842
5683.795724,5983.938953,2458.065354,2989.424588,1800.053717,129.3381846
1617.977903,3404.31658,1851.64336,1644.623854,1066.391702,79.90686932
2568.727307,3640.367851,1966.333864,2285.209784,1268.488239,98.10670427
3302.72774,3501.948822,3967.258332,3757.92073,1733.087709,165.6276373
7278.459807,5486.97043,3041.708757,2202.395868,1463.539046,320.7170283
2587.369576,4794.727409,2892.162581,2573.255087,1147.716356,132.9141175
5679.533494,9262.36284,3807.720714,3097.953389,1790.739474,189.8681917
4040.145582,3647.880881,2639.139564,2601.670241,1468.131665,195.5092574
3811.777647,5436.087704,1888.540481,2512.718413,1090.33708,147.2676185
3687.896875,3946.73501,1803.027288,4359.602523,1637.130554,255.4074566
3012.127285,3632.027276,4091.922913,1634.152752,1203.326229,188.7960647
2597.93236,3684.579731,2060.798246,3005.035498,1409.528154,127.3550371
3621.18765,3574.350666,3750.22371,3498.93306,1840.551719,144.7581452
5454.143615,2513.53475,2448.019223,2669.560674,1715.207607,139.5020304
3331.097391,4240.086727,1800.44896,2705.905769,1234.689103,129.7303661
2031.774864,3996.634872,3342.099991,4596.328616,1547.2025,119.2329196
5315.961057,8160.043729,2470.192889,1716.781374,990.3427992,92.07510775
23151.01596,11940.97568,9061.494978,3732.29914,2091.587277,193.345607
12324.3911,12612.2767,7063.214786,3365.899082,1641.583094,435.5249648
10286.89774,12974.93724,9608.820285,4168.717461,2412.83452,133.0746643
18225.24645,11522.00184,4528.48563,4003.137686,2342.257255,329.6908912
2738.960428,8013.139315,5695.133179,2605.106208,1810.26297,190.3041125
7993.584715,12535.26178,4291.577253,3174.627898,1757.055083,207.2938172
7533.376059,4433.902502,5264.175411,2489.563939,1810.656181,181.0869807
7748.840922,6668.497298,1480.960162,1888.056659,1231.716435,140.4067044
6440.813009,2551.307645,2542.970298,2264.430142,1644.514425,248.6431983
3045.972336,3476.604009,2121.751842,2570.667475,1300.62487,114.5326153
2229.896291,6771.927751,3292.088818,2308.343136,1038.771866,145.5783244
3592.619422,3443.560016,2883.905304,2007.420756,1240.379562,99.86942364
2208.316533,3288.977256,1819.411286,1888.150259,1120.78188,122.5878093
2997.280221,3009.904197,1693.041405,1837.839039,739.0241025,93.40473217
3398.636977,2940.025741,1161.332264,1865.489911,1473.592797,99.8838589
2862.204409,3558.371644,1665.239549,2261.671363,1535.413263,151.151897
1907.281782,1681.469854,2448.615626,1841.73011,1583.008164,103.6308161
8472.597863,8250.77885,6424.465388,2447.621699,1403.170593,161.667517
5706.658434,6334.103977,2558.572009,2738.440147,1687.202631,148.1199803
1980.827402,3729.589803,1873.692954,2877.302238,2108.535306,121.4724989
1264.413253,4585.086729,2526.26797,4694.68211,1757.864799,274.513476
4244.332004,6970.759691,5456.410794,4371.959052,2141.767932,246.1758745
3443.667839,4954.206849,1659.182879,2362.69518,1847.324302,80.19328754
2295.074835,5272.081618,2650.452249,2050.862226,1063.816047,140.9048469
3097.918264,3236.585518,3637.985892,1795.310114,1295.345793,85.08538887
3958.529722,2071.97469,1630.096984,2092.149198,1633.792241,161.9586296
1533.720626,3606.59173,1784.24934,3211.739249,1821.865355,240.1035885
2488.095709,2416.842669,1905.5291,3179.208997,1810.10291,168.4187619
3020.042854,5532.809101,4199.832179,1893.588529,1468.551094,237.6716598
3113.477023,4692.939811,2328.925443,2730.314462,1654.459933,198.0872978
2565.04724,3897.358399,2567.896516,2742.152917,1200.615544,129.981312
4675.861643,5224.109879,4640.395952,2995.578551,1180.427716,173.7724957
4137.479333,2933.257361,946.1665377,3196.940419,1545.474103,195.3308303
3794.471587,5689.875686,1887.939529,2524.483529,1355.070203,78.27009917
1118.781237,2559.415699,1458.029861,2284.302394,1578.362438,100.52441
1931.5318,2502.96079,3627.707717,2753.921327,1217.094035,98.86813153
1654.021108,3635.921427,3066.971512,3688.981371,1416.957172,90.95186847
3144.961365,4231.657717,1665.916105,2651.667799,1753.384245,234.1413261
2453.271248,2585.083579,2183.596763,4059.205152,1690.802768,165.3875705
3659.497937,3603.824916,2126.742272,2725.99865,1392.650633,141.6072466
1817.057512,3891.279387,1432.603243,3220.776639,1138.704723,186.4233004
3362.852306,3018.586255,1735.299064,2313.287982,1213.090225,121.75365
1536.462822,3128.774385,1505.063339,2810.128041,1649.320708,159.4818361
2830.931468,1882.789631,2795.99677,2147.890242,1212.196738,87.09982016
1519.958399,1941.939055,2860.444283,2941.386339,1361.543198,213.6966661
2298.13865,3549.604744,2295.27555,2899.642137,1743.05463,142.7840517
2526.628327,2065.062163,1936.849805,3061.136358,1272.09528,130.4812087
3145.19435,4280.720445,2660.536464,3154.478836,1593.879399,146.4293109
1926.066202,3462.955433,1548.347629,3198.574038,1727.592052,149.9215614
1407.921342,2430.833091,2647.119263,2073.484461,1322.909061,132.8151995
2625.207196,3057.343222,1881.159785,3694.080904,1780.088593,157.2143826
2182.547146,2740.922995,1846.104043,3478.624346,1323.28995,117.8049888
3955.823532,7766.531868,4151.811623,2962.395176,1395.250559,103.0761265
4398.034148,2658.896379,2344.235356,1725.38453,1481.213192,88.01233787
3665.06011,4450.470557,1572.289267,2694.107286,972.1234362,127.7797042
2263.147305,1743.10583,1692.409595,3097.248189,1396.460612,185.8880596
1824.609977,3526.565343,1995.453089,2278.059522,1365.73225,179.9680006
4532.400041,6091.59057,2959.331535,2888.142316,1656.319271,139.7063741
3409.655677,3007.972399,2424.538908,2971.87605,1124.337533,162.9919913
4530.814298,6574.450745,2692.641117,3043.951802,1654.827856,169.2109053
20969.1892,19041.99088,6693.460564,3609.694415,1978.018459,178.8126864
7077.217141,10879.10834,5791.528991,2348.862197,1328.985905,283.2481371
7341.571327,9820.155313,6077.397026,2553.545113,2128.052239,215.5071965
6029.905387,7021.90731,5788.112839,3164.254931,1977.827844,119.9844513
8235.003832,5791.886776,5215.370512,2637.336517,1469.294955,124.8825622
7407.486639,10537.82354,5164.206887,3399.999669,1877.271753,161.2927726
9173.569526,11613.06597,5118.741149,2598.459564,1789.209524,227.015806
26564.10218,8849.004218,6475.623365,4004.104558,2062.909653,474.5883616
9831.44427,12492.91036,5952.796402,2028.41856,1991.958335,215.3337121
6837.835696,15769.27033,4032.206903,2838.281979,1670.225085,150.9446355
1027.895272,2267.028521,2255.689679,2677.159215,1678.416489,185.8604144
3325.689279,3361.222844,2238.227495,2422.866438,1317.824483,164.5648845
792.6779511,3219.342689,2452.923077,2011.512375,1650.931226,94.27374447
2160.963354,3650.420532,2629.215314,2267.513664,1333.556573,176.5811714
2279.316411,2816.983347,2481.28847,2492.317871,1306.163593,109.2752785
4853.051308,6060.635494,5044.168358,3010.701548,1361.870269,166.3914949
3331.66723,8952.757589,4046.789934,2423.882693,1335.219717,158.2550547
2167.220389,3418.597362,2221.866194,2182.744397,1334.036967,119.9779835
2448.984866,5628.28629,2931.123363,2179.462158,1151.476489,137.6115452
1721.1027,2040.377946,2320.516071,1971.176426,1393.495649,83.6853221
2801.17142,2709.443365,2760.315311,3956.913713,1615.92756,129.6994492
2477.603821,2969.822385,2525.148567,2605.146814,1541.716535,143.0871794
1945.528989,3476.057655,3156.579704,3494.84012,1144.398853,180.9752593
2779.360649,2163.175725,2926.490624,2619.345572,1397.332156,106.37717
1798.482101,3043.652079,1013.438163,1904.005636,1232.354904,118.1502239
2248.012605,6198.397373,2760.033743,3330.29279,1715.566395,217.6018767
4516.748327,7093.996963,2988.573641,2148.032493,1728.698805,148.8767921
2657.998728,4402.338975,2460.452222,3333.272852,1135.027447,165.9811222
3225.848939,5652.584601,3002.885875,2708.693666,825.4864218,128.2699128
2100.847886,3089.113921,1422.261693,2999.095335,1331.12064,167.749128
848.5578477,2768.524125,935.595882,3656.464003,2152.298615,198.9275127
1067.010746,4099.402059,2713.856442,3108.485702,1385.597758,156.6118124
8552.111731,7804.891065,2718.086675,2494.363302,1228.043203,205.3081055
2713.794881,1894.61933,2097.511773,2132.675531,1373.906757,127.7719336
3924.597042,5821.991327,2319.873005,2426.609107,1142.237199,295.548859
4256.996331,4066.551935,2813.102313,3283.793174,1337.040123,251.4483413
2662.697435,4531.79827,2072.82468,3425.045371,1785.73155,115.355169
3346.768929,3730.928445,3599.944455,4136.322051,1803.278204,183.721149
1066.632383,1784.317687,2639.79549,3196.631244,1271.564893,162.0480574
2705.088081,5067.20525,1996.12793,2470.824303,1213.596214,166.1456904
4476.057549,3075.733629,1023.390952,2538.038908,1413.115231,243.6743778
1933.055701,1841.388542,2106.974674,2962.657513,1237.55031,312.0726465
1057.222002,1711.204842,2113.403993,2951.214395,1715.992977,143.3058373
2380.648846,4476.813502,2355.69887,2490.186428,1990.560796,139.3891506
3343.075053,3065.804387,3034.832023,3194.526824,1880.030669,163.0410438
1129.171643,2754.040801,1624.192167,2380.666681,1241.278696,161.9620665
3222.043224,3369.357592,1164.988198,2050.883436,1371.558019,146.1342733
1444.131838,3377.206723,2663.124902,2625.229221,1068.682659,129.3265309
2513.191327,3574.973413,2822.809393,3208.169368,1818.86598,190.2413539
3332.823574,8286.309668,3343.823901,2787.155041,1340.464909,168.969491
2118.924983,2032.225381,2072.162899,2434.712685,931.1741964,133.6905061
3825.279756,4918.685758,2371.936086,3096.33638,1864.233682,202.9067228
3941.931334,2532.751697,3485.864067,1784.632232,1198.911224,117.8049433
2710.800203,3739.019441,1712.401156,2829.73235,1382.891811,235.0616906
4283.729624,4671.425463,1930.368412,3811.0767,1935.290511,117.9356372
4898.061779,3401.245097,1868.982389,2457.828768,1636.277428,149.6120974
2377.879004,4422.346608,2770.609475,2454.489594,1324.977731,106.8706079
2188.613184,2936.746516,2662.330276,3812.487974,1256.161717,115.5479595
1617.853108,1643.295345,3122.068317,2792.497382,1274.348343,154.1897965
3654.245365,5900.267003,3752.499845,3042.465208,1968.168698,208.488694
1905.897423,4199.259711,2507.322977,2257.785249,1429.464241,234.7404052
10962.2812,11147.07838,7720.565957,3513.190616,1621.794473,120.2783858
10604.66977,11908.6249,4865.262772,1920.372955,1509.413118,102.3206043
5053.596339,5774.422921,5027.581279,3836.355037,1387.671554,321.6871698
9342.479633,8412.469645,3037.502999,2769.885407,1618.698836,201.5637061
12162.7068,10238.78762,5440.032002,4006.905386,1427.206497,206.791649
10458.18635,13300.41971,7808.746534,2880.036512,1585.6346,128.4085883
2145.711837,9086.269172,5418.48031,3438.267593,1826.209868,233.5945751
9393.44158,11011.2153,3622.389966,2584.846597,2498.163639,102.4156085
8285.515352,3099.925009,1566.680328,2369.522173,1814.401388,111.5082631
1469.767339,3015.877346,2848.203073,2188.414717,1700.308885,78.49367704
6367.944382,4290.452231,3004.692498,2398.895118,1316.051161,195.1440453
3270.901722,4483.15155,3099.024052,2220.098112,1210.142724,108.3648253
8294.761009,9804.902293,3105.05591,2777.586816,1484.166828,117.6917559
1608.362153,2777.928406,2843.965907,2252.761145,1527.825668,218.4944432
1945.28387,2550.554923,2570.001984,3240.970331,1112.147143,253.8634773
6987.122337,4863.573802,4369.607661,2642.36953,1621.214997,134.0285491
1964.342794,1818.951493,1609.331691,2366.961162,1501.292448,99.30546133
1150.721452,2362.013991,2609.845278,2957.637839,1912.723608,133.8996646
2913.238159,5804.632337,2673.598348,2723.738578,1362.376959,227.256266
4643.770585,4357.983928,3317.38026,2690.338011,1040.950736,246.954171
2916.163484,2233.335955,1460.519843,2554.5703,1528.601575,133.6059386
3693.558063,5389.168265,3558.489092,1946.045069,1333.212162,139.1865507
7595.843571,10592.97082,4101.665959,3510.615688,2161.164809,324.7035602
10235.09113,6153.543071,3291.405371,2231.493139,1234.878615,142.6787152
2364.606992,2922.440098,2030.805075,3121.305326,1224.832578,151.481615
3886.168801,9444.662539,3482.52223,2749.166102,1203.673176,140.0944881
1014.101122,4279.976695,3448.108875,3114.30288,1522.436019,233.9088561
2707.763147,2872.215197,2252.067979,2927.877152,1926.967171,110.0184767
1374.806883,1843.233852,1116.739811,3043.417921,1226.058086,98.60668985
3740.864444,5627.887541,3178.924863,3164.127802,1414.114748,156.9872996
3038.686819,3422.614431,1815.952854,3182.614437,1803.354779,186.5011213
1324.589959,2147.848499,1706.281709,2812.899002,1890.054838,179.5368701
6873.749814,6887.579335,2956.492786,2426.145358,1067.461532,153.784535
16414.08671,17046.42152,3952.224158,2766.680363,1529.14389,132.5818387
8801.057495,6246.760094,7650.623548,2230.006186,1910.017659,115.1157484
3708.613619,3348.744693,2149.921225,2218.420377,1295.029524,151.1180316
7958.566648,8700.257119,5878.018261,3228.084281,1486.226885,205.1374572
1915.164964,3939.574587,1570.613107,1594.468288,1179.121274,201.3701415
2466.556024,3064.488633,1247.022191,2621.089888,1226.513743,160.016656
3709.661762,6144.674251,4703.711598,3986.213837,2018.055205,217.3612922
1972.984483,2889.220883,1889.920538,2315.279076,1119.432742,116.0582474
2550.343498,7608.312052,3739.725545,2810.589805,1298.530157,152.6845243
3139.757404,5990.883449,2148.565496,2339.798184,1220.975551,204.0220782
2005.332051,2760.642751,2838.241967,2646.71373,1248.645761,127.4177137
3859.348682,4975.744996,2059.751914,3135.360877,1488.39753,187.1576333
4296.472904,1962.560222,2002.325919,1749.701414,1452.26409,239.9454772
7263.459668,5393.240697,2250.025102,1903.034706,1181.270096,87.23945588
1444.527993,3241.099166,2134.782913,2315.166062,1537.917337,124.9888895
1406.613943,3173.919453,2142.124053,2495.238278,1485.381983,186.3029417
6415.358997,8466.371834,3150.512934,3034.015669,1434.527998,263.1503838
5436.628555,4031.268236,1888.328592,3075.691569,1490.145473,210.965824
1361.753902,2479.850819,1924.771612,2441.838826,1415.85445,126.6524442
1789.523627,2801.648252,1818.933666,2810.051523,1362.024723,110.4461244
2322.694941,4192.88544,1181.017374,2125.468791,1612.631803,111.4516938
4877.33178,2759.880245,3616.565178,4759.117597,1946.753583,170.6701967
3409.353026,4421.29094,2103.1498,2305.490497,1756.988573,177.0790905
11024.70003,11246.02257,6451.29347,4743.922804,2176.100112,158.6868544
2358.734826,2184.806798,3638.851779,2824.520068,1573.441273,196.9346471
3832.959893,4069.464938,3103.040688,2437.785831,2253.833447,153.9210815
3485.139928,3573.50588,2794.306168,2618.979183,1154.164605,112.1897363
4339.302358,7375.395412,6559.327402,3011.775289,1515.961672,133.392217
14617.5508,16396.67703,6455.590675,3430.915457,1739.295657,197.7197137
12016.77174,11094.5024,7348.315015,3392.518842,2014.060205,222.6117929
7840.580538,9852.902847,5079.091944,3256.565022,2007.530901,143.8917356
11039.04423,8838.530771,7258.253072,3616.789991,1765.209189,261.1014525
7733.71254,5311.322785,2189.852533,3666.601655,1758.686743,128.0759222
11468.19861,9669.855803,5524.187824,3455.239299,1939.108404,168.3994207
6027.338817,5400.430584,4907.807339,2951.381044,1387.450695,269.8579696
44495.99663,25722.08782,6718.410478,4335.442246,3197.944894,217.7377473
5795.330695,6494.46595,3741.975153,3286.633469,2038.391133,128.8562336
5325.849303,8743.416989,7000.474567,3615.462124,1554.564974,173.7052315
3417.967865,3523.082237,1740.5546,1981.183153,1901.166396,262.8491655
6615.807783,4759.589925,2266.010906,2707.684522,1584.819266,254.4094626
3578.851589,7475.426535,5521.079918,3673.663019,1362.934209,192.451884
2345.140942,2367.882457,2300.847545,3348.156859,1681.639512,128.0421113
826.2658509,2611.559879,1547.193369,2923.475612,1336.528673,148.2155609
1572.329083,5712.870364,4889.357947,3162.950303,952.9133181,124.6803953
3202.08567,2930.678742,2912.215154,3326.580377,1221.244941,136.9015877
1253.043479,2451.921415,1791.047528,2735.889167,1146.407549,98.20458161
2590.401975,7691.971419,2618.094709,2709.251244,1234.871726,121.1351435
1971.395298,1084.889994,2358.546393,2741.435909,1572.660934,170.4876728
3227.350627,2774.405415,2511.010565,3128.63153,1236.102182,245.4424322
4239.256615,3476.466905,1742.672979,3782.072276,1601.680225,335.7488081
3367.354461,2247.001846,1899.051811,2361.826031,1292.487836,174.6671114
1350.529453,3758.534463,2005.206916,2694.701877,1371.642668,105.5703484
1742.969727,3937.089626,3374.114413,3541.578058,1419.878817,124.6165944
1786.215997,2976.734332,2167.284134,2428.81893,1464.735474,155.125437
2462.082519,3063.783982,2035.497405,2951.899548,1340.487191,131.8920607
3217.466156,7029.821566,3995.917078,2616.543519,937.4480793,111.4818186
1325.000218,2705.031899,2353.444926,2327.009087,1594.033174,146.8212004
2523.867461,4653.147254,2196.691318,2962.480364,1149.572934,188.7472028
2405.632023,3323.124437,1828.778273,3384.775352,1513.225794,175.4012781
2202.697967,1645.138534,1938.132824,3003.657143,1597.941619,184.8052215
1764.001098,2648.197194,1787.969955,3013.596653,1504.26266,132.9928467
2573.084625,4600.988873,1688.639843,2649.38654,1963.154633,213.953006
2253.182712,2439.170932,2243.62864,3584.39404,1550.13743,413.0688689
1845.663836,2186.729218,2039.936646,3416.229175,1749.129903,112.6846832
1256.590185,2865.505876,1879.605176,2851.502371,1560.455508,225.6984204
3265.28473,3808.405504,2489.931337,2788.560069,1970.966763,125.7696408
5207.107958,2584.564092,2775.512737,2556.404776,1456.132082,232.5441171
5360.287445,3999.555118,4190.530101,4148.067341,1558.182898,167.127856
4062.791503,4303.549455,4921.843578,2653.138845,1285.322551,93.25059507
4173.882896,8285.673538,4506.360927,2485.846738,844.3186216,129.4010227
1703.955224,3474.54178,1850.068229,2346.697992,1500.493452,80.07503011
2222.226478,6619.113479,2309.038637,2593.719185,1761.985579,98.91040877
2812.42883,5753.766477,2294.772943,4211.296742,1540.171541,165.9078686
4762.76696,6038.76478,3228.832617,2167.092486,1508.271517,117.1713958
4291.352193,6767.103349,2923.520624,2989.275276,1619.326225,116.2717637
7735.321945,5332.676597,5855.130349,3866.588081,2030.678781,124.2820091
3400.143439,4150.139572,2512.235377,2676.16733,1445.121135,144.1186793
11015.38419,10597.68314,4101.331214,2350.39215,1700.535905,171.1646049
3500.071529,2386.51804,2116.560596,2531.869062,1568.715885,252.3694907
5551.706852,2054.427326,2136.306289,3196.33237,1561.915188,116.1662955
3755.216443,4390.756041,2919.209684,2083.133701,992.5382699,97.35730534
1078.337917,2318.230914,2607.587581,2580.692966,1290.744399,142.4698446
813.2560862,2548.295513,1437.649436,1993.448945,1533.390356,84.15010503
3474.763302,2790.294582,1839.588709,2345.540624,1657.802683,114.1565631
3725.604021,5777.273167,4513.929092,3612.472107,1449.446815,113.2210732
3618.929998,4112.161101,2917.005925,3756.101866,1776.778932,188.9561856
1129.795107,2074.939122,1701.856163,2755.250913,1480.163026,198.146003
3892.176777,8571.955222,4968.611597,3257.886867,1892.105677,172.1685487
4502.737898,4827.78244,2354.783316,4191.61698,2330.39227,133.8115121
3143.322246,3649.761695,4339.82404,2099.253566,1700.771071,126.494947
6534.453,6076.891039,4563.437935,2580.726826,1437.708447,138.0184433
5832.115504,27067.18928,3536.657662,3590.833149,1729.111157,151.8107024
5211.012271,7612.999563,4621.944393,3668.677625,2389.632937,199.0073655
22311.47729,37464.54051,5349.454807,2722.745568,2441.282881,222.6994823
20735.7833,28878.07042,12433.13951,3244.452221,2150.910877,174.6336267
10184.23384,9872.6092,5903.433774,3229.436848,1738.905008,185.1644916
12265.71922,17447.99997,9383.411697,3109.943825,2997.173577,195.2566961
7001.203283,13096.27757,7075.547183,2279.408629,1312.976661,203.1063957
5300.687189,6144.497644,4948.466401,3914.376186,1804.873092,304.0361836
6853.0686,7688.407485,1800.265269,2171.381206,1462.767999,207.7160073
5980.360279,8433.461375,3931.589957,3596.075088,945.2358476,196.090626
2402.744269,3540.649437,2006.485579,3379.950244,1582.720281,184.089216
2288.834055,3855.013266,1970.810733,2117.750622,1013.502896,143.7028529
1159.560078,1676.415547,2010.926132,1432.616184,1091.590471,96.086024
4453.072823,7157.059235,3759.583467,3210.391103,1427.995392,150.5844593
2141.719105,2226.422988,1650.383339,2220.708678,1339.643771,152.6248416
1382.167563,3098.688431,1558.230519,2458.83208,1301.134423,156.6049734
4266.926663,4405.893077,2146.065826,2293.697718,1281.736571,220.204571
2038.175806,2208.280119,1716.550147,2154.469093,1300.72275,183.3741466
2677.941765,1674.137049,2165.041234,2911.934295,1569.081671,100.0474626
3293.466323,4245.434976,2790.448738,2367.893906,1368.571712,112.2269312
2579.704307,2644.176402,1883.24842,2144.019529,1329.9465,190.5753553
2701.671431,3496.159982,2728.979195,2315.628443,1417.99924,106.6231461
1631.329654,2346.002949,2423.446092,2710.651672,1332.525013,207.9736456
7394.202904,11472.44128,3424.877924,3135.378209,2283.677594,146.4696609
2841.19809,4923.01953,3564.571889,3074.012019,1879.773378,187.2072537
1703.766911,2599.671166,1215.685641,2186.47611,1279.718148,149.4969245
1919.17807,3574.418083,1156.77335,1733.3513,1155.318664,124.1559613
6061.469279,3100.557553,1730.383962,2231.984073,1341.070054,167.1798568
3886.358342,2201.884812,2458.036612,3968.460274,1565.251048,192.1204063
3432.785821,3471.071999,2091.333964,2672.442941,1311.909441,188.7702167
2748.092739,5604.308042,1435.902694,2755.102681,1659.450975,239.1427171
1953.97333,3611.203509,2743.269591,3271.353929,1563.543759,161.3990245
1578.094966,2494.202929,1064.038385,4155.149618,1569.99675,194.0838354
3455.404866,4820.546889,4768.095809,3203.772463,1236.579789,280.6816909
5121.19748,4907.382736,3760.584088,2486.682799,1827.491912,157.4042116
3368.196997,3508.437218,2700.160508,2682.696662,1479.384774,138.3597938
1006.068421,3039.205436,2317.453218,2830.552274,1525.449967,113.4639687
2705.620638,4982.865287,3376.884864,3499.412626,1208.035434,133.6503435
2269.501219,1830.610686,1810.685224,2869.779374,1278.661069,152.8934138
2011.798999,2090.159094,1801.347108,2535.111703,1669.719196,185.3896439
4042.648025,6036.307061,2539.096778,2709.420293,1639.307578,146.9232633
2171.814017,2503.180245,2261.541078,3932.266323,1802.972057,219.4811699
1516.07788,2615.878039,1506.136217,2862.354579,1936.597289,182.2944934
3735.785279,6600.284617,4038.545599,4214.026811,1189.765197,264.7790782
2961.108704,3462.740364,2715.693764,3702.989566,1563.294286,158.5363921
5517.864547,8266.644889,2957.738735,5059.69743,1871.560698,216.8734635
2663.45965,3982.455818,2881.361593,2159.373062,1408.804231,115.0541555
4153.095186,7799.678581,2559.955056,3194.701122,1528.211766,133.9060076
1098.904903,2342.946721,2532.563904,3018.474886,1258.447766,169.2363064
3391.49365,4082.804453,2128.838546,3396.449431,1516.659585,116.0811453
3513.356686,5086.128868,4197.88099,3733.791116,1598.328321,189.849348
8918.50824,8228.79162,1560.45948,3028.949558,1664.393245,120.5197379
2766.83038,2819.117209,3672.411814,4424.892138,2049.088189,221.8161295
2982.635007,2255.350714,1623.09549,2662.13267,1453.419732,140.0007701
3938.098834,3372.163219,1477.900311,2589.985594,1238.215894,251.8223613
5404.136182,2372.516828,2551.861585,2290.764317,1589.3244,90.32569662
1857.593057,1913.102348,1398.186233,2572.288455,1167.461574,223.2692116
5742.60007,5467.70103,1614.601215,1373.365989,1179.64135,139.9189602
2896.657761,6542.581025,4591.000181,2596.724242,1738.614022,243.4851076
9513.063235,8217.248661,3599.193617,2945.844069,1290.951165,315.328769
18843.85204,16786.47892,3500.247473,3520.457605,2105.737696,154.5933828
2460.010686,2965.354196,1614.981013,3245.481818,1621.712669,133.3362962
10687.0665,9186.643643,4392.000567,3296.159934,1457.944382,133.1806954
3908.524109,6658.936312,2935.72299,2251.469742,1650.704624,278.2305034
9232.085689,5805.488063,7487.006891,3408.196504,1902.541191,192.3514819
3722.015768,7009.989063,4844.7149,3673.645371,2008.821654,131.4591158
5496.639223,7224.832835,2919.526925,3318.017286,1810.014607,230.6030398
2406.925243,3404.121753,2691.824693,3759.951858,1903.359549,155.4415167
3399.538475,4270.777752,2605.203998,3556.552094,1969.907603,195.8029053
2470.504138,3265.486408,1817.327194,3610.604843,2026.856878,256.062135
5187.753588,3992.532463,3418.969275,2716.328844,2229.03886,147.9532706
3056.129759,2308.542543,2295.012273,2507.805347,1756.854121,170.1431996
7346.506571,6794.74726,2309.957172,2432.670287,1791.089386,74.22293747
2664.986978,6159.281913,2831.355492,1901.251201,1022.985452,203.3092647
2626.017215,5501.478964,2435.492215,3113.220428,1274.711874,136.3180247
4267.147749,5020.148908,2843.221124,3689.680159,1459.504564,175.0596707
1917.643889,2299.363091,2517.409258,2499.58258,1141.504642,161.4808817
733.4997585,2814.892862,2944.529237,2119.428806,1349.077137,156.156126
2552.924084,1633.661527,2616.348965,3438.01019,1801.363903,115.8553433
2718.579055,7090.578426,3263.977964,2402.540355,1272.795463,107.8546151
5836.926666,4302.59115,3071.038021,4947.467663,1473.657274,161.5737003
3812.514899,4328.06956,2279.640763,5555.020913,1601.253932,277.5325199
1361.584022,3541.163806,3168.49205,3667.447254,1658.01243,193.6555598
2788.875771,2638.568815,1827.606818,3079.167182,2035.608644,230.6541541
498.8892224,3373.298885,1743.610829,3108.012888,1457.182042,121.9753238
3137.499545,4539.085864,1794.429244,2635.510816,1583.55308,115.4096394
3098.472423,2689.713527,2351.728591,4530.518841,2096.968082,195.7267981
2263.694514,1982.119601,2074.223129,3395.685694,1952.672563,253.9535694
3115.426651,4137.548139,2298.564404,2822.256177,1733.497664,478.70795
2300.415336,5800.019263,3482.535325,2862.744626,1166.501662,106.9422723
1838.379589,3080.751712,2675.635081,3241.470031,1567.586422,201.9866525
2690.361903,4138.510462,3916.647776,2718.761205,1415.028822,205.7472383
3795.763617,3863.568353,4670.926343,3888.383099,1230.586703,131.4072932
2351.887249,3463.419136,1995.479296,3282.423514,1395.382513,196.5544777
3340.413602,8640.122029,1911.953291,2593.32209,961.0798589,130.8878714
1623.018737,2263.49709,3253.790062,3968.195093,2010.444703,154.9942784
1403.493318,2732.028435,2295.567834,3301.171447,1399.014923,196.0513897
2763.196542,2005.101897,2153.957324,2787.237752,1107.962597,134.9946344
2777.287654,2002.486712,3307.813321,3424.948166,1500.349285,105.5473413
3261.900086,3162.978408,1546.794766,2985.959626,1555.002674,123.4457527
1010.836963,2260.727442,1995.981598,2750.325186,906.4216511,129.922856
2216.222272,3542.607728,1955.083056,2591.056248,983.1045089,212.7185008
2181.349637,3218.830971,2303.504923,2915.190415,1577.321708,211.6652771
2132.824304,5535.717653,2163.568464,2210.571749,1608.779633,183.1766218
6059.436368,3415.537338,2588.845406,3297.587288,1840.078318,146.0506623
2874.603853,5216.08266,3276.616562,1794.354891,1378.344663,136.6148524
3426.96793,7119.256486,4793.046116,3181.387606,1524.607402,122.3446042
1750.827803,6465.588546,3092.143802,2797.694652,1422.292421,170.5235813
4035.441097,4381.634433,3412.204573,2213.74753,1535.227717,172.2636356
1538.310032,3129.14567,1150.516754,2721.133571,1409.514892,179.5967958
2449.916922,3050.351795,1754.931492,2035.691249,1029.889474,117.6419007
4511.202114,6739.446532,2904.003046,2690.03687,1398.941241,196.740563
2452.284105,3542.591113,2519.790409,3002.215282,1887.903526,144.2191871
5982.492213,5872.193386,3498.201123,2376.639103,1331.511155,187.0784149
666.5758662,2921.233575,2717.084999,3480.326617,1216.274383,172.5230102
2854.551209,5149.644523,2669.633361,2597.592267,1409.911295,116.4907008
1090.418404,1967.424107,1973.067598,2317.284942,1627.579419,234.4491053
5189.046952,4893.868454,2966.520288,2114.928424,1388.934326,140.5413058
5990.516198,7459.317516,3160.854976,3978.237642,1437.374739,153.670007
4272.521181,5175.773094,5268.151604,1845.200719,1395.960127,262.793279
6092.171573,13397.76823,6666.284304,2436.645515,1508.758665,226.2237577
10263.61625,10036.7363,6132.579509,2843.923327,1343.200206,225.5817874
8040.428302,12926.52868,3882.001534,2558.723895,1959.39707,168.3761141
10059.82529,16309.11898,6925.417042,4082.654758,2645.417825,147.9467855
8979.632444,17311.52708,8163.146105,3311.154339,2000.545367,167.2691722
10018.23841,17747.03614,6937.238666,3967.291935,1853.930227,242.6237631
4391.559754,10027.85343,5253.484409,2057.971611,1565.520531,109.8397293
4567.441018,7513.440073,4600.366807,3172.967712,1668.050589,169.1206494
5643.623246,8638.08444,6726.742473,3977.141954,2652.155563,507.5332106
12892.86206,11945.2925,4851.875242,2970.71357,1980.460114,176.1743003
7175.275163,8978.209268,7848.432932,2350.102591,1476.364478,170.6933499
7591.77325,7946.138809,5517.008559,2611.499482,1756.731397,106.4663512
9540.602874,11417.05866,2467.540066,3237.760949,1645.001489,127.777743
2939.83084,1966.114981,1084.321891,2197.391094,1214.864682,132.7595808
5886.799278,7176.884075,3370.509703,2252.964342,1242.791837,138.0334036
1077.701142,3617.369174,1480.263732,2105.107408,1120.059058,178.895613
2128.452971,4342.874502,2347.924567,3476.797644,1534.553633,194.6921396
3339.095253,2614.333392,2313.790319,2267.259817,1339.709751,145.2352895
6803.301217,5498.403319,4299.392298,3014.388217,1423.574154,229.81925
3494.503809,4153.434464,3501.96645,2184.298435,1046.630283,138.89941
2221.53421,6452.982646,4242.770826,3355.861064,1379.473238,173.315297
7002.408688,4953.149641,2055.979722,3124.899582,1432.428222,229.8787622
6968.868343,4024.932783,2491.304409,2396.051202,1622.715373,147.767935
2937.058138,3470.932878,2767.508176,3798.814686,2405.682042,111.7830757
4061.135713,3677.601437,1495.932278,3461.40772,1878.647662,335.4351256
6193.339576,2964.630692,2997.465121,3321.99079,1587.659069,133.2227558
3386.402738,4739.362315,3276.199029,2869.645423,1324.276685,209.164907
4123.811005,6171.599225,3623.558434,2919.875601,1445.430044,105.422516
4635.066586,7335.943015,4857.536037,3913.175575,2110.524443,196.2220222
1337.05124,4361.43282,2008.235788,1823.672404,1128.194538,137.4010403
16159.20388,13819.91107,8300.320918,2693.223841,1039.97687,161.3616769
2217.257365,2498.754268,1732.887627,1567.719438,1011.789173,74.2743444
4804.872808,7953.263535,3613.732339,2789.190037,1863.920853,79.51047728
2692.629518,1722.285535,1714.25131,2249.826488,1871.319975,155.1964747
5027.323854,6264.883152,3800.702588,1530.137589,961.1415444,72.67217416
4141.914751,4688.684813,3413.989413,2507.986797,1441.56474,91.3745192
4552.128148,5600.887694,4114.529704,3041.918008,1309.961426,194.7584902
2462.148763,2468.4422,1544.052395,2790.585964,1400.2758,116.2160986
2613.145148,4297.568179,1629.310201,2960.581378,1407.702019,209.1573277
5047.375076,4261.380501,3118.698518,3646.715529,1471.310231,277.2599749
2393.346449,3229.369045,2954.943967,3429.470266,1554.7342,142.8546585
2544.470836,1546.813378,1898.478726,2219.164648,1225.914156,161.2049324
4581.46944,6503.978325,2585.735558,2590.387703,1242.041152,176.0421127
9322.992828,7834.397016,4513.201037,2818.475583,1333.467221,142.933076
